暗殺者協會	首領 往下為各大部門的部長 \n分別是 暗殺 情報 執法 三大部門，然後皆有各自的詳細劃分。\n其中暗殺情價碼主要由情報部門的提供為主，上至貴族、下治平民大多皆願意接單。\n公認不接單的是三大議會的有席次之名的人物。
傭兵協會	是少數地上 地下皆有的組織，地上地下皆為同一會長。\n在各地界有各地的分公會，以s aｂc d e劃分傭兵實力，同時鼓勵組成團隊進行接任務，\n會介入國家戰爭（如果有國家扈用），若傭兵間有衝突大多會間給公會進行仲裁，\n同時上位等級的傭兵能調查下位傭兵的資料，\n下位傭兵能藉由定期給付訂金給公會避免被一定等級以上的傭兵調查資料
盜賊協會	最高的領袖為協會長（實為安姆飛賊之會長），  接下來即為各部部長（任務分配部 、刑罰部、資格審核部、情報交換部）\n接下來是各級的成員等級劃分大師、 專家、 好手、 學徒。\n同時偷竊的目標也是藉由情報交換資料為評估，\n與暗殺者協會一樣不接三大議會的有席次之名的人物其擁有之物品
安道爾	以奈瑟殘存的王族（自稱）作為虛位帝王，內分上下議院。\n下議院遊各省人民選出，而上議院則由貴族、王室組成同時採世襲制度，下議院有實權能夠影響司法等相關事務，而上議院僅處理王族事務。\n下議院實質上幾乎被法師所把持，其原由為施法者的投票與其實公民不等值，因此國家實際的政策走向與影響主要以法師所控制。\n位於大陸中心的世界第一強國，奈瑟的繼承者自居，目前控有的領地與曾經的奈瑟帝國有8成相似。\n有簽訂和平協約的國家為盧森堡、扶桑、烏爾諾。
盧森堡	具有特殊的冰川地形及大量的針葉林地帶，是大陸上木材、紙張、天然氣及冰元素魔晶石等特殊礦產的主要出口地。\n存在地域性質的凱爾特、北歐及希臘信仰，據傳言此信仰來源自其他位面，經由傳教士、牧師與德魯伊將其傳播至與原位面相似之地域。\n此外因其信仰常與荒野、橡樹、雷鳴等自然萬物有著相互呼應、連結的關係，境內可以說是有著大陸上最多的德魯伊與各式結社。\n魔法物品中極為特殊的流派符文刻劃也是源自此地，故吸引著大量的冒險者湧入希望能習得此技藝。\n在極北之地存在禁忌之地又稱生命禁區，傳聞中任何智慧生命的踏入都會導致自身的毀滅。\n其行政地區主要由信仰區域與德魯伊結社範圍劃分，該區內以民主投票方式產生行政、立法、司法人員。
席森	其帝國王都布魯威克以卡巴拉系統生命樹做為系統設計，其中王冠區域為皇宮之所在。\n境內有相當多特殊或是唯一性質的煉金、物質轉化技術，這些技藝傳言來自機械規律界，吸引不少煉金師或是變化系法師於此駐足。\n王族的血統中據傳言流著月精靈的血派，且每一任的執政領袖必為女王，執政年時間往往長達百年以上，並熱愛著音樂、藝文活動。\n大陸上少數與永聚島有著長期貿易與外交來往的國家。
普利亞	境內的上空中有無數殘破的島嶼漂浮，其分布最高密集處為與安道爾的國境交界處，又有星空之地的別名。\n國境內部有著分布不規律的特殊礦物－－以太星石，主要用於空挺及飛行的魔法物品作為核心及燃料的用途。 \n因以太星石的盛產與大量開採，使飛行用具普及，導致許多傭兵團、冒險者嘗試探索漂浮於空中的島嶼及各式神秘的遺跡，甚至部分小島嶼被開發成補給地與商業城市。 \n其帝國王室麥託奧拉（Meteora）自稱為星空之民、受星空祝福之人，據傳聞擁有操控天上島嶼的能力，並積極地將大量施法人才投入在以太星石的研究。
扶桑	奉天皇為虛位元首，同時宣稱天皇為太陽神的神子，天皇之繼承人當前開放位可以為長男或是長女，以嫡長子繼承優先，若無男子繼承則為長女。\n底下武官方面以幕府將軍做為統領各地軍隊的實質領袖，文職則以藤原一氏把持大部分的核心官職。\n陰陽寮體系獨立於武職與文職系統外，由上至下的階級為陰陽頭、陰陽助、陰陽大允、陰陽少允、陰陽師、陰陽博士、陰陽生、陰陽得業生、直丁。\n以九品法來作為推薦人才、官等的區分。\n平民的翻身方法大多透過經商、從軍、晉升法術學院、陰陽寮居多數。
烏爾諾	以十二個家族組成烏爾諾聯合議會，其中議員共有十二位核心議員，每個家族的族長擔任之。\n主要為半身人、矮人、人類三個種族佔據大宗，各自種族各有四位核心議員，並各自占有烏爾諾的主要大城。\n人類的領袖家族為麥迪契，矮人為索瑞森，半身人為翠瓦。\n此國家所控有之重要海港也是位居世界之冠，藉此賺入龐大的外匯。
托瓦	以奧斯維克家族為領袖作為貴族領袖，其族長同時身為帝國皇帝，向下則分為貴族門閥與國務省。\n貴族門閥為各貴族長子自行繼承，而國務省中核心大臣則是由皇帝所指派。\n國務省又細分為皇帝幕僚、司法省、財務省、軍務省、學藝省、宮內省、內務省。\n經濟上則是以魔法礦物、礦產出口聞名。\n特有的制度為軍法巡迴，軍事演練和司法合一的制度。\n以月為單位，國王手下的將軍輪流帶兵巡迴於各個城鎮之間，以達訓練士兵體能、作戰及展現軍勢等多重目的。\n此制度同時有”巡迴法庭”功能，由將軍、隨軍法師或秘書官組成合議庭，是為特殊救濟手段。
安姆	擁有商人之地的別稱以及龐大數量的深水港，同時為世界貿易的核心之一。\n社會風氣為金錢萬能，一個人的成就以其擁有的物質財富來衡量，因此金錢女神沃金於此處有著無數的信徒。\n最高政治機構為六人評議會，此六人的身分為絕對機密，據傳聞其中有三人的身分是來自印闐、上下尼羅的最強家族，並以商業貴族共和治來管理此龐大的地區。\n此外於宗教方面極其寬容是少數能容許邪惡陣營的神祇建設神廟公開傳教，然與此相反的是對於施法者極度的歧視，有許多地區是明令禁止施法的，\n唯有蒙面巫師會的組織有特殊權限。\n綜上原因，極度仇視安道爾帝國。\n而安姆影賊別名盜賊協會更是安姆的重要組織，其活動範圍遍布全大陸，而非僅有安姆地區。
上尼羅	為安姆帝國旗下的分區之一。
下尼羅	為安姆帝國旗下的分區之一。
印闐	為安姆帝國旗下的分區之一。
博得之門	坐落於劍灣得港口城市不隸屬於任何國家的獨立城市，同時與巴爾這位神祇有著密切的關聯。\n這座城池的主要掌權者為博得之門的大公爵同時身兼焰拳傭兵團的團長，因此焰拳可以視為該城池的政府，在承擔城防之餘，也會進行正常的傭兵行為。\n同時這座城池的信仰主要為工藝鍛造之神貢德、好運女士泰莫拉、海洋女神安博理、生機之神晨星四教會有密切關聯，當然有各種大型宗教設施位於城中。\n據傳聞中有一座通往以太深處的黑色帷幕潛藏在城裡，通過此帷幕之人將永遠無法從無盡的以太中返還。
賽爾紅袍協會	紅袍巫師期最早成立目的為反抗神明統治，為八位首席法師共同組成並決定整個賽爾地區整體的政策走向。\n目前位於安道爾境內的塞爾省，具有特殊的政治地位，類似國中國的行政獨立個體，亦即有獨立的行政、立法、司法體系，每年僅需向安道爾繳交特定稅收。\n八位首席的頭銜與八大派系是相互對應，此外紅袍首席可以與安道爾帝國魔法學院的八位席位相互兼任。\n每一位首席可以說是該學派內最出類拔萃的專精法師，且任期並無限制。\n而首席們本身並不直接參與賽爾領地內的政事，而是會選拔出總督執行政務，並為紅袍巫師會來服務。\n賽爾境內所有的機關皆為紅袍巫師協會服務，因此是允許經過契約自由而達成的奴隸協約。
幻夢境	該特殊位面如同薄膜般覆蓋在主物質位面上，故其內部景觀造物、物理法則、法術規則皆與主位質位面無限的逼近。且與主物質位面的有智生物之夢境相互連結。\n玩家身上所持有的物品、魔法物品、負面狀態、正面增益皆會形成擬似體逾半位面中，此外此區域的時間流速為主物質位面的7倍，且日夜為該位面中多數人的意志進行決定。\n特殊規則：玩家於此地死亡則會立即從幻夢境中躍離，每死亡一次則承受SPI－1的負面減值。\n玩家於長休息時休眠進入此位面進行活動，則本體於主位面則無法獲得長休息。\n玩家於此位面獲得之非物質損益效果皆會複製至主物質位面。（注：物質的損益如：斷肢、自殘等，則由強韌檢定改成精神檢定，在主物質位面的精神仍有可能造成恆久性的精神傷害。）\n玩家於該位面中仍會有飢餓、疲累等身理負面狀態，若於該位面因死亡以外的方式失去意識，仍會困於幻夢境中。\n玩家若欲離開該位面，則需在幻夢境中有意識的情況進行脫離，每次脫離所消耗時間為精神數值/SP 分鐘數（最低為1）。\n玩家可以藉由於幻境中進行長休息回復擬似體之HP、SP與專長此用次數。\n玩家所持有之一次消耗型物品，於幻夢境中僅能再現其物理特徵，但效用則無法作用。（一次性消耗物品舉例：食物、水、卷軸、藥水等等）\n若要重現一次性消耗性物品，則該物品須具有夢境浸染之特性，此類物品之價格皆為正常物品之兩倍，具有夢境浸染特性之物品效果於主物質位面僅具有一半之效益。\n玩家潛入幻夢境中位置大致於等於主位置位面之位置。
極樂佛門	由正統佛門轉化過來的組織，可以說是扭曲了佛門既有的善惡輪迴觀念，該派系為守序邪惡。\n傳言創始人始自正統佛門中的一小派系，因遭逢大變而徹底改變既有的善惡觀念，代號為人間地藏。\n本門派的口號為人間不空，誓不成佛！\n核心概念為人生來多疾苦，通過讓人不在誕生於世，從而免受輪迴之苦。因此，要避免生命誕生於世間最好的方法就是節育，倘若不幸懷孕，則需要靠本門的修行者懷著慈悲之心將該生命墮胎。
