					確認角色依照順序依序偷襲	具有偷襲輪的角色可與團隊商談後決定順序。
					確認行動順序	行動順序為角色之DEX加上其調整值，此為該輪中每位角色實際的行動順序，DEX值越高則行動順序之順位越高。\n假使有複數人之DEX數值相同時，則有精通先攻之專長者具有優先之順位，若皆無此專長則雙方進行骰D100確認優先順位，後者每輪都必須重新確認誰具有較高的優先權。\n注：行動順序可以於每輪開始前透過先告知DM進行降速來延後行動順序。
					確認宣告順序	宣告順序為角色之INT加上其調整值，此為該輪中每位角色實際的宣告順序，INT值越高則宣告之順序後越往後排。\n假使有複數人之INT數值相同時，則雙方進行骰D100確認宣告之順位，每輪都必須重新確認誰具有較晚之宣告權。\n注：可以透過向DM宣告下回合自己角色要最快行動，同時放棄此輪之行動，將下一輪自身之行動順序提升之最快。\n     若同時有複數玩家進行此宣告，以DEX加上其調整值高低來決定優先順序；\n     若DEX數值相同時，則有精通先攻之專長者具有優先之順位，若皆無此專長則雙方進行骰D100確認優先順序。
					角色依序宣告	依照需告順序讓玩家完成該輪之行動宣告。\n注：為增加遊戲之臨場感與減少戰鬥消耗之時間，每位較熟練之玩家每次宣告時間僅有1分鐘，倘若玩家逾時則視為放棄該回合之宣告。\nDM需確認每位玩家之宣告合理性，倘若完全違背常理，則可以適當進行勸阻或視為宣告無效，也可增加該行動之判定難度。\n當回合宣告施法之玩家須確認該法術導入幾種超魔專長並確認其當下法術位是否足夠。\n動作共劃分為以下三種。
						一般動作	一般動作需要消耗整輪行動來進行。\ne.g.：一般施放法術、全回合移動、一般遠程攻擊、觀察法術、解析法術、急救、從背包中找特定物品、潛行、謹慎移動、一般近戰攻擊（需要半速）等DM認定需消耗一輪之動作。\n註：全回合移動可以輔助在跳躍、攀爬、特技動作或是一般近戰攻擊，來進行助跑
						自由動作	自由動作一輪中通常能執行兩次，但兩者不得相互矛盾。\ne.g.：警戒半速移動、從霍法便利袋中取出特定物品、喝下藥水、啟動魔法物品、抽出武器、使用卷軸、翻滾、跳躍、攀爬、特技動作，等DM認定之自由動作。\n註：DM需確認玩家當前之雙手與姿勢等狀態來確認行動是否能執行
						即時動作	即時動作可以在自己回合時，在角色依移動瞬序行動此階段後任意時點啟動，但不得與當前姿勢、狀態形成矛盾，一種即時動作一輪僅能使用一次。\ne.g.：即刻備戰、瞬步等各式特殊專長。
					依INT順序處理法術瞬唱效果	若玩家有宣告法術瞬唱，則可以此階段生效。\n若有複數玩家同時宣告法術瞬唱，則依照INT高低來排序，INT越高者法術越快出來\n若INT相同則進行骰D100確認優先順序。
					角色依移動順序行動	依照行動順序，讓玩家執行其宣告之內容。
					宣告新行動	若玩家想更改原先之宣告時，可以進行運動判定，若判定成功則執行更改之宣告，失敗則當回合放棄原先之宣告內容。
					進行行動	玩家依照宣告之行動來執行動作，並進行相關檢定。 \n注：每輪角色實際行動時間皆只有一秒鐘。
						移動	角色正常所能移動上限=（該角色之DEX調整值＋各式技能專長＋魔法物品變動值）×5英尺。
						藉機攻擊	若該玩家於敵方威脅範圍內，進行無防備之動作時，必須吃一次藉機攻擊。\ne.g.：施法、全回合移動、一般遠程攻擊、觀察法術、解析法術、急救、從背包中找特定物品、喝藥水、使用卷軸等DM認定之無防備動作
						施法、攻擊	（1）施法判定=施法主屬性（法師看感知、牧師看交涉、德魯伊看交涉、吟遊看交涉、邪術師看感知）＋10×（總施法者等級/3）－連續施法懲罰－此次施法環數×10\n注：一般施法不需考慮命中問題，但是必須確認法術三要素手勢、言語、材料是否能被滿足。\n（2）攻擊判定=戰鬥＋武器使用之技能等級×10＋各式專長技能之輔助＋魔法物品變動值\n注：需與敵方確認是否有命中。\nEX.若我方攻擊檢定總值為90，擲1D100進行命中判定，擲出30，則過60；敵方閃避總值為80，擲1D100進行閃避判定，擲出40，則過40。\n兩者相較之下，攻擊檢定結果高於閃避檢定，則該下攻擊命中。
						傷害計算	（1）法術：\n法術傷害：先詳讀萬法大全中的法術說明，確定該法術的傷害種類以及是否能夠透過抗噴吐等判定進行豁免。\n最終法術傷害計算（元素種類）=（法術總傷害－抗噴吐等基礎豁免判定結果）－專長提供之各式元素抗性－魔法物品提供之各式元素抗性－專長提供之法抗－魔法物品提供之法抗+被穿透之各式元素抗性+被穿透之法抗。\n最終法術傷害計算（物理）=（法術總傷害－抗噴吐等基礎豁免判定結果）－專長提供之物抗－魔法物品提供之物抗+被穿透之法抗+被穿透之總物抗。。\n最終法術傷害計算（光耀、暗蝕、力場）=（法術總傷害－抗噴吐等基礎豁免判定結果）－專長提供之法抗－魔法物品提供之法抗+被穿透之法抗+被穿透之光抗、暗抗或物抗+被穿透之法抗。\n若施放法術者具有法術穿透之相關專長會使專長提供、魔法物品提供的元素抗性、法抗、物抗直接砍半或是無效。\n（2）攻擊：\n攻擊所造成的傷害可以區分為物理傷害與魔法物品附加之元素傷害。\n最終攻擊命中傷害計算（物理）=力量調整值＋武器本身傷害＋武器使用技能等級×1.5＋使用的魔法武器加值/2－格擋專長之減傷－擅長鎧甲之減傷－專長提供之物抗－魔法物品提供之物抗+被穿透之總物抗。\n最終攻擊命中傷害計算（魔法物品附加之元素傷害）=魔法物品附加之元素傷害－專長提供之各式元素抗性－魔法物品提供之各式元素抗性－專長提供之法抗－魔法物品提供之法抗+被穿透之各式元素抗性。\n注：若攻擊者擲骰出爆擊時，則該下武器傷害取滿，同時不同武器會有其不同之爆擊效果，並造成之物理傷害與魔法物品附加之元素傷害能使魔法物品提供的元素抗性、法抗、物抗直接無效。\n注：被爆擊後，其他專長、魔法物品等來源之抗性穿透一樣要進行計算。\n注：同一抗性穿透來源只會作用一次。
					處理DOT傷害\n增益/負面效果是否結束	角色行動回合結束前處理DOT傷害、增益效果確認是否結束、負面效果確認是否結束。\n注：DOT傷害（物理）：DOT總傷害－專長提供之物抗－魔法物品提供之物抗+被穿透之總物理抗性。\n注：DOT傷害（元素）：DOT總傷害－專長提供之各式元素抗性－魔法物品提供之各式元素抗性－專長提供之法抗－魔法物品提供之法抗+被穿透之各式元素抗性+被穿透之法性。\n同一DOT來源可以疊算，同一抗性穿透來源只會作用一次。\n同一負面效益只會作用一次。\n同一法術、類法術能力的正面效益，若為同一施法體系來源只會作用一次，且高等效果會蓋過低等效果。\n同一法術、類法術能力的正面效益，若為同非法體系來源該效果可以疊算。\n注:若為牧師神術體系法術、類法術能力的正面效益，不同信仰的神祇間所施展的神術效果可以疊算。\n注:卷軸的增益效果，僅看所購入的施法體系，牧師神術所製作卷軸無關乎其所信仰的神祇。\n在5輪內，角色所能承受的藥水總數量為CON調整值之數值，若飲下或是吞入的藥水與藥錠超過承受上限角色行動回合結束前須進行抗毒檢定。\n該抗毒檢定為抗毒性-(飲下或是吞入的藥水與藥錠總數量-承受藥水總數量)*10，若失敗則CON獲得1之負向減值。\n注:持續型藥水效果在效果結束前會一直計算入承受藥水總數量中。
					行動對應	若腳色對應其他玩家之行動做出動作，\n行動之優先順序為為法術瞬唱>即時動作>自由動作=一般動作。
						以即時動作對應	若有即時動作之玩家欲在他人之行動時啟用，則他僅能在進行行動此階段後，任意時點啟用該輪尚未使用之即時動作。\n註：每輪每位具有專長而延伸之即時動作，每種即時動作皆只有一次使用次數，除非有專長能增加該即時動作之每輪使用次數。
						以法術瞬唱對應	若具有法術瞬唱此專長之玩家有宣告扣住此輪之法術瞬唱使用權，則他能在自己與其餘所有玩家之角色依行動順序行動此階段後，任意時點進行法術瞬唱。\n註：每輪每位正常具有法術瞬唱專長角色皆只具有一次法術瞬唱權。\n（瞬唱之優先順位需要比較各施法職施法主屬性之高低，賢者則時以當下選擇施法職之體系進行比較。）
