法師應先決技能及應注意事項	吟遊詩人應先決技能及應注意事項	設從四歲開始法術啟蒙教育，且成長過程無外在變因（其他職業自行帶入所要求屬性）
奧術知識（知識）難度2	吟遊知識（知識）難度2 含括地方知識、部分歷史知識、部分地理知識	以法師為例	所需年歲
黑魔導（感知）難度1	表演（交涉）難度1	INT基礎值	一環	二環	三環	四環	五環	六環
黑魔力（感知）難度1	樂曲寫作（知識）難度1	14	25	75	不可能	不可能	不可能	不可能
法術位（法術格）=自身環數×2＋INT調整值＋魔法物品變動值＋技能變動值	法術位（法術格）=自身環數×2＋CHA調整值＋魔法物品變動值＋技能變動值	15	24	72	不可能	不可能	不可能	不可能
德魯伊應先決技能及應注意事項	牧師應先決技能及應注意事項	16	22	44	88	不可能	不可能	不可能
自然知識（知識）難度2	宗教知識（知識）難度2	17	21	42	84	不可能	不可能	不可能
自然神術（交涉）難度2	神術（交涉）難度2	18	15	19	28	78	不可能	不可能
法術位（法術格）=自身環數×2＋SPI調整值＋魔法物品變動值＋技能變動值	法術位（法術格）=自身環數×2＋SPI調整值＋魔法物品變動值＋技能變動值	19	14	18	27	77	不可能	不可能
邪術師應先決技能及應注意事項	術士應先決技能及應注意事項	20	13	17	26	42	92	不可能
魔能知識（知識）難度2	奧術知識（知識）難度2	21	12	16	25	41	91	不可能
魔能施法（感知）難度2	血脈呼喚(交涉)難度2	22	7	11	20	36	61	不可能
法術位（法術格）=自身環數×2＋CHA調整值＋魔法物品變動值＋技能變動值	法術位（法術格）=自身環數×2＋CHA調整值＋魔法物品變動值＋技能變動值	23	6	10	19	35	60	不可能
總施法者等級		24	5	7	11	20	36	51
本身環數×3＋（其他技能專長＋其他裝備所造成的變動值），適用於各法術中
施法檢定
施法主屬性（法師看感知、牧師看交涉、德魯伊看交涉、吟遊看交涉、邪術師看感知、術士看交涉）＋10×（總施法者等級/3）－連續施法懲罰－此次施法環數×10
連續施法懲罰
上個動作為成功施法時則觸發，連續施法懲罰=上個法術施法環數10，此減值會連續累算。
法術環數
占用自身法術位（法術格）數，若自身法術位不足的情況則無法進行施法。
法術消耗SP
法術環數＋超魔專長的數量＋特殊施法技能的變動值
起始法術取得與記憶法術位
起始角色最高環數，該法術拿三種並取得記憶法術位三格，每往下一環則多拿三種法術與記憶法術位三格。
記憶法術更換
在經過長休息後，可以將記憶法術位與已抄寫至自身法術書的法術自行更換。
注：德魯伊神術與牧師神術皆是到該環則自動習得該環所有的基礎法術，若利用專長升階或是萬法大全之額外法術仍需要法術書來輔佐。
法術之法術位消耗
法術環數＋超魔專長的數量＋特殊施法技能的變動值
注：法術位與記憶法術位兩者為不同的事物					ˇ
