腳色名稱				判定複合數值		調整	總合	抗性數值		調整	總和	職業		CP	魔法物品欄位						消耗品			說明
角腳色基礎屬性		基礎值	調整值	戰鬥			38	抗毒素			37				頭			其他						本腳色為200CP配置的法師模板\n 法師必點 奧術知識、黑魔導、黑魔力。 點到3為三環法師（56CP）\n \n 法師職業須解決魔力問題、所以必點魔力擴張、冥想。（28CP）\n 施法者應以自身魔力多寡來決定冥想等級。\n \n 基礎必須技能大致點完，接下來開始投資防禦與通用技能。\n \n 建議技能：\n 健壯（14CP）\n 及時備戰（14CP）\n 閃避（14CP）\n 跑步（6CP）\n 游泳（2CP）\n 野外求生（6CP） \n 聆聽（2CP）\n 偵查（2CP）\n 辨識法術（6CP） \n 察言觀色（6CP）\n \n 目前為止合計156CP，\n 剩餘44CP可以自行投資於戰鬥或是魔法物品製作上。\n \n 建議技能：\n 抄錄卷軸 難度2 等級2 （12CP）\n 法術熟稔 難度2 等級2 （12CP）\n 移動施法 難度1 等級2 （6CP）\n \n 建議超魔專長：\n 法術默發 難度1 等級1 （2CP）\n 法術靜發 難度1 等級1 （2CP）\n 元素擴散（冰霜） 難度2 等級1 （4CP）\n 元素擴散（火焰） 難度2 等級1 （4CP）\n －－－－－－－－－－－－－－－－－－－－－－－－－－－－－－－－－－－－－－－－－\n 配置法術：\n 建議一環法術：\n 魔法警報、護盾術、油膩術、隱霧術、法師護甲、魔法飛彈、七彩噴射、腳底摸油、羽落術\n \n 建議二環法術：\n 抵抗能量傷害、蛛網術、造風術、隱形術、鏡影術、貓之優雅、風訊術\n \n 建議三環法術：\n 解除魔法、臭雲術、英雄氣概、火球術、風牆術、隱形法球、遺體防腐、閃現術、飛行術、水中呼吸
STR		9	-2	運動			44	抗控制			43	施法者等級			手			其他
DEX		16	2	操作			56	抗轉化			48			白金	手臂			其他
SKI		13	0	感知			61	抗噴吐			42	法術位			身體			其他
CON		13	0	知識			64	抗魔法			48			金	披風			其他
RES		20	4	交涉			45			生命		魔力			腰帶			其他
INT		20	4	其他數值		調整	總合	基礎值		25		36		銀	鞋子			其他
WIS		17	2	強韌			65	獎勵調	CP調						項鍊			其他
CHA		13	0	精神			100	最大值（總和）		25		36		銅	戒指（左）			其他
SPI		13	0	靈魂			65	現值							戒指（右）			其他
戰鬥類技能				運動類技能				操作類技能				感知類技能				知識類技能				交涉類技能
名稱		難度	等級	名稱		難度	等級	名稱		難度	等級	名稱		難度	等級	名稱		難度	等級	名稱		難度	等級
健壯		1	3	閃避		1	3	野外求生		1	2	黑魔導		1	3	奧術知識		2	3	大陸通用語		1	3
及時備戰		1	3	跑步		1	2	抄錄卷軸		2	2	黑魔力		1	3	辨識法術		1	2	察言觀色		1	2
移動施法		1	2	游泳		1	1					魔力擴展		1	3	法術熟稔		2	2
												冥想		1	3	法術靜發		1	1
												聆聽		1	1	法術默發		1	1
												偵查		1	1	元素擴散（火焰）		2	1
																元素擴散（冰霜）		2	1
