【狩獵流程】\n1. 選定狩獵任務等級\n2. 判定狩獵任務天數\n3. 判定狩獵任務成功率\n  ● 若失敗，任務終止，進行失敗任務結算，成功率需大於0則會有失敗任務獎金\n  ● 失敗任務獎金 = 狩獵任務等級基礎收益 × 狩獵任務天數 × 0.5\n4. 若成功，進行收益檢定並結算成功任務獎金\n  ● 成功任務獎金 = 狩獵任務等級基礎收益 × 狩獵任務天數 × (收益檢定倍率或天數保底倍率結果)\n5. 若收益檢定超過80，可獲得額外素材，流程如下，每超過10 點可多進行一次素材類型收益 (最高為100 3次)\n     i.  參照每階級的額外素材收益進行種類判定\n         ● 狩獵天數每多7天多5加值\n     ii. 根據素材種類數量骰對應的骰子，以此決定獲得何種素材\n\n6. 素材檢定後，再進行素材數量檢定 (固定 1D2)			【收益倍率表】\n1~9:1倍收益\n10~19:1.1倍收益\n20~29:1.2倍收益\n30~39:1.3倍收益\n40~49:1.4倍收益\n50~59:1.5倍收益\n60~69:1.6倍收益\n70~79:1.7倍收益\n80~89:1.8倍收益\n90~99:1.9倍收益\n100:2倍收益
狩獵等級	基礎收益 (每日)	成功率	額外素材收益	判定狩獵天數
S	180金幣	25+(獎勵骰CP總數-600後)/3	 ● 1~60：精金 、密銀、元素魔法水晶\n ● 61~90：龍牙、龍麟、龍皮、夢魘之毛、獨角獸之毛\n ● 91~100：五色龍龍牙、五色龍龍麟、五色龍龍弦、五色龍龍皮、夢魘之角、獨角獸之角	1~40:7天\n41~70:14天(獎勵骰增益保底1.2倍收益)\n71~90:21天(獎勵骰增益保底1.3倍收益)\n91~100:28天(獎勵骰增益保底1.4倍收益)
A	110金幣	40+(獎勵骰CP總數-450後)/3	 ● 1~80：精金 、密銀、元素魔法水晶\n ● 81~100：龍牙、龍麟、龍皮、夢魘之毛、獨角獸之毛	1~40:7天\n41~70:14天(獎勵骰增益保底1.2倍收益)\n71~90:21天(獎勵骰增益保底1.3倍收益)\n91~100:28天(獎勵骰增益保底1.4倍收益)
B	60金幣	50+(獎勵骰CP總數-300後)/3	 ● 精金 、密銀、元素魔法水晶	1~40:7天\n41~70:14天(獎勵骰增益保底1.2倍收益)\n71~90:21天(獎勵骰增益保底1.3倍收益)\n91~100:28天(獎勵骰增益保底1.4倍收益)
C	50金幣	75+(獎勵骰CP總數-150後)/3	N/A	1~60:7天\n61~90:14天(獎勵骰增益保底1.2倍收益)\n91~100:21天(獎勵骰增益保底1.3倍收益)
D	20金幣	75+獎勵骰CP總數/3	N/A	1~60:7天\n61~90:14天(獎勵骰增益保底1.2倍收益)\n91~100:21天(獎勵骰增益保底1.3倍收益)					1320		2420		3960
							1155		2557.5		3835.7		6093.45
					CP	C成功率	C期望收益	B成功率	B期望收益	A成功率	A期望收益	S成功率	S期望收益					2500
					0	25	721.875	0		0		0						2500
					30	35	779.625	0		0		0						2500
					60	45	837.375	0		0		0						4300
					90	55	895.125	0		0		0						4300
					120	65	952.875	0		0		0						4300
					150	75	1010.625	0		0		0						4300
					180	85	1068.375	10	849.75	0		0						4300
					210	95	1126.125	20	1039.5	0		0						15200
					240	100	1155	30	1229.25	0		0						15200
					270	100	1155	40	1419	0		0						15200
					300	100	1155	50	1608.75	0		0						15200
					330	100	1155	60	1798.5	0	1210	0						15200
					360	100	1155	70	1988.25	10	1472.57	0						15200
					390	100	1155	80	2178	20	1735.14	0
					420	100	1155	90	2367.75	30	1997.71	0
					450	100	1155	100	2557.5	40	2260.28	0
					480	100	1155	100	2557.5	50	2522.85	0
					510	100	1155	100	2557.5	60	2785.42	0
					540	100	1155	100	2557.5	70	3047.99	5	2185.6725
					570	100	1155	100	2557.5	80	3310.56	15	2597.0175
					600	100	1155	100	2557.5	90	3573.13	25	3008.3625
					630	100	1155	100	2557.5	100	3835.7	35	3419.7075
					660	100	1155	100	2557.5	100	3835.7	45	3831.0525
					690	100	1155	100	2557.5	100	3835.7	55	4242.3975
					720	100	1155	100	2557.5	100	3835.7	65	4653.7425
		任務期望	素材期望		750	100	1155	100	2557.5	100	3835.7	75	5065.0875
S	22	3960	2133.45		780	100	1155	100	2557.5	100	3835.7	85	5476.4325
A	22	2420	1415.7		810	100	1155	100	2557.5	100	3835.7	95	5887.7775
B	22	1320	1237.5		840	100	1155	100	2557.5	100	3835.7	100	6093.45
C	16.5	825	0		870	100	1155	100	2557.5	100	3835.7	100	6093.45
D	16.5	577.5	0		900	100	1155	100	2557.5	100	3835.7	100	6093.45












					1.4	1.4	1.5	1.6	1.7	1.8	1.9	2	1.33	0.1		3.724
					1.3	1.4	1.5	1.6	1.7	1.8	1.9	2	1.32	0.2	0.1	5.544
					1.2	1.4	1.5	1.6	1.7	1.8	1.9	2	1.31	0.3	0.3	5.502
					1.1	1.4	1.5	1.6	1.7	1.8	1.9	2	1.3	0.4	0.6	3.64
