混沌石使用說明 : \n最多僅會出現5條詞綴（越多條詞綴的機率越低），\n僅能對魔法物品使用，先進行詞綴數量檢定。\n再進行詞綴的種類檢定（需要較高加值兌換的詞綴機率越低）。\n最多只會骰出 魔法物品等級 ＋3的詞綴，\n 如果骰超過 可以選擇該物品能骰出的隨機最高詞綴，\n或是 可以任選其他較低詞綴\n且不能作用於＋10以上的魔法物品。\n不會產生超過＋10的魔法物品。												詞綴條數量分布
												1	2	3	4	5
												1~50	51~76	77~91	92~98	99~100
												0.5	0.26	0.15	0.07	0.02
						戒指詞綴分布									武器、頭飾、手環、披風、鞋子、手套   詞綴分布
						1	2	3	4	5	6	8	10	18	1	2	3	4	5	6	7
						1~45	46~70	71~83	84~90	91~94	95~96	97~98	99	100	1~45	46~70	71~83	84~90	91~94	95~97	99~100
						0.45	0.25	0.12	0.07	0.04	0.02	0.02	0.01	0.01	0.45	0.25	0.13	0.07	0.04	0.03	0.02
		腰帶  詞綴分布						鎧甲、項鍊、盾牌   詞綴分布								法杖詞綴分布
		1	2	3	4	5	6	1	2	3	4	5	6	8	10	1	2	3	4	5	6	7	8	10	18
		1~45	46~71	72~85	86~94	95~98	99~100	1~45	46~70	71~83	84~90	91~94	95~97	98~99	100	1~45	46~70	71~83	84~90	91~93	94~95	95~96	97~98	99	100
		0.45	0.26	0.14	0.09	0.04	0.02	0.45	0.25	0.12	0.07	0.04	0.03	0.02	0.01	0.45	0.25	0.12	0.07	0.03	0.02	0.02	0.02	0.01	0.01
武器詞綴分布一覽														頭環詞綴
加一		加二		加三		加四		加五		加六		加七		加一		加二		加三		加四		加五		加六		加七
慈悲	迴力	冰爆	邪惡	慈悲	追擊	電爆	燄爆	慈悲	冰冷穿透	冰爆	邪惡	斬首		CHA 增加		CHA 增加	電擊增幅	CHA 增加	冰爆增幅	CHA 增加		CHA 增加	冰爆增幅	CHA 增加		冰爆增幅
電擊	及遠	電爆	燄爆	電擊	追蹤	鋒利	光能	電擊	火焰穿透	電爆	燄爆	冰冷穿透		INT 增加		INT 增加	寒冰增幅	INT 增加	電爆增幅	INT 增加		INT 增加	電爆增幅	INT 增加		電爆增幅
凍寒	狂斬	鋒利	爆擊球	凍寒	欺詐	混沌	牽亡	凍寒	閃電穿透	鋒利	歌唱	火焰穿透		RES 增加		RES 增加	火焰增幅	RES 增加	焰爆增幅	RES 增加		RES 增加	焰爆增幅	RES 增加		焰爆增幅
囤法	投擲	混沌	狂怒球	囤法	防禦精熟	雷鳴	舞空	囤法	酸蝕穿透	混沌	游擊	閃電穿透		SPI 增加		SPI 增加		SPI 增加		SPI 增加		SPI 增加		SPI 增加
護身	大小變換	雷鳴	耐力球	護身		神聖	歌唱	護身	光耀穿透	雷鳴		酸蝕穿透		WIS 增加		WIS 增加		WIS 增加		WIS 增加		WIS 增加		WIS 增加
破敵	弓杖	神聖	幽冥	破敵		守序	游擊	破敵	暗蝕穿透	神聖		光耀穿透		儲魔		爆擊球		儲魔		電擊增幅		儲魔		電擊增幅
捨命		守序	歌唱	捨命		瓦解		捨命	致命精確	守序		暗蝕穿透		魔力增福		狂怒球		魔力增福		寒冰增幅		魔力增福		寒冰增幅
炙燄		瓦解	游擊	炙燄		邪惡		炙燄		瓦解				光亮		耐力球				火焰增幅				火焰增幅
手套詞綴分布一覽														戒指詞綴分布
加一		加二		加三		加四		加五		加六		加七		加一		加二		加三		加四		加五		加六		加八	加十
血量增福		CON 增加	儲物	血量增福	防禦精熟	CON 增加		血量增福		CON 增加		賢者之手		DEX 增加	儲魔	DEX 增加	法抗增加	DEX 增加	儲魔	DEX 增加	法抗增加	DEX 增加	儲魔	DEX 增加	法抗增加	法抗增加	法抗增加
CON 增加		SKI 增加	重拳	CON 增加		SKI 增加		CON 增加		SKI 增加		精準		RES 增加		RES 增加	抗冰增加	RES 增加		RES 增加	抗冰增加	RES 增加		RES 增加	抗冰增加		天命
SKI 增加		STR 增加		SKI 增加		STR 增加		SKI 增加		STR 增加				SKI 增加		SKI 增加	抗電增加	SKI 增加		SKI 增加	抗電增加	SKI 增加		SKI 增加	抗電增加
STR 增加		爆擊球		STR 增加		防禦		STR 增加		防禦				CHA 增加		CHA 增加	抗火增加	CHA 增加		CHA 增加	抗火增加	CHA 增加		CHA 增加	抗火增加	加十八
重拳		狂怒球		神射		重拳		神射						INT 增加		INT 增加	抗酸增加	INT 增加		INT 增加	抗酸增加	INT 增加		INT 增加	抗酸增加	三願
		耐力球		重拳				重拳						SPI 增加		SPI 增加	抗音增加	SPI 增加		SPI 增加	抗音增加	SPI 增加		SPI 增加	抗音增加
		防禦		精準				精準						WIS 增加		WIS 增加	隱形	WIS 增加		WIS 增加		WIS 增加		WIS 增加
		游泳、攀爬		豹爪										抗性增加		抗性增加		抗性增加		抗性增加		抗性增加
手環詞綴分布一覽														盾牌詞綴
加一		加二		加三		加四		加五		加六		加七		加一		加二		加三		加四		加五		加六		加八
SKI 增加		SKI 增加		SKI 增加		SKI 增加		SKI 增加		SKI 增加		冰爆增幅		避矢		法抗增加		避矢		法抗增加		避矢		法抗增加		法抗增加
STR 增加		STR 增加		STR 增加		STR 增加		STR 增加		STR 增加		電爆增幅		猛擊		引箭		猛擊		引箭		猛擊		引箭
儲魔		電擊增幅		儲魔		電擊增幅		冰爆增幅		電擊增幅		焰爆增幅		目盲		抗冰增加		目盲		抗冰增加		目盲		抗冰增加
光亮		寒冰增幅		冰爆增幅		寒冰增幅		電爆增幅		寒冰增幅				聚焦		抗電增加		聚焦		抗電增加		聚焦		抗電增加		加十
		火焰增幅		電爆增幅		火焰增幅		焰爆增幅		火焰增幅						抗火增加		連線		抗火增加				抗火增加		法抗增加
		隱形		焰爆增幅		靈化		儲魔								抗酸增加				抗酸增加				抗酸增加
																抗音增加				抗音增加				抗音增加
																活化				幽冥				鏡映
披風詞綴分布一覽														鎧甲詞綴
加一		加二		加三		加四		加五		加六		加七		加一		加二		加三		加四		加五		加六		加八
抗性增加		抗性增加		抗性增加		抗性增加		抗性增加		位移斗篷		飛翔之翼		CON 增加		CON 增加	法抗增加	CON 增加	幽冥	CON 增加	法抗增加	CON 增加		CON 增加	法抗增加	法抗增加
移動力		移動力		移動力		移動力		護身				繭化		STR 增加		STR 增加	堅韌	STR 增加	幽影	STR 增加	堅韌	STR 增加		STR 增加	堅韌
暗影		暗影		暗影		位移斗篷		飛翔之翼						暗影		暗影	抗冰增加	暗影	連線	靈化	抗冰增加	護命		鏡映	抗冰增加
躡行		躡行		躡行										滑溜		滑溜	抗電增加	滑溜		牽亡	抗電增加	目盲			抗電增加	加十
護身		隱形		護身										躡行		躡行	抗火增加	躡行			抗火增加				抗火增加	法抗增加
光亮		位移斗篷		飛翔之翼										護命		爆擊球	抗酸增加	護命			抗酸增加				抗酸增加
				鏡影複製										目盲		狂怒球	抗音增加	目盲			抗音增加				抗音增加
				幽影												耐力球	無相	適行
項鍊詞綴														腰帶詞綴
加一		加二		加三		加四		加五		加六		加七		加一		加二		加三		加四		加五		加六		N/A
CHA 增加		CHA 增加		CHA 增加	冰爆增幅	CHA 增加	靈化	CHA 增加	冰爆增幅	CHA 增加		冰爆增幅		DEX 增加		DEX 增加		DEX 增加		DEX 增加		DEX 增加		DEX 增加
INT 增加		INT 增加		INT 增加	電爆增幅	INT 增加		INT 增加	電爆增幅	INT 增加		電爆增幅		CON 增加		CON 增加		CON 增加		CON 增加		CON 增加		CON 增加
RES 增加		RES 增加		RES 增加	焰爆增幅	RES 增加		RES 增加	焰爆增幅	RES 增加		焰爆增幅		STR 增加		STR 增加		STR 增加		STR 增加		STR 增加		STR 增加
SPI 增加		SPI 增加		SPI 增加		SPI 增加		SPI 增加		SPI 增加		加十		血量增福		抗性增加		血量增福		抗性增加		血量增福
WIS 增加		WIS 增加		WIS 增加		WIS 增加		WIS 增加		WIS 增加		天命		抗性增加		耐力球		抗性增加				抗性增加
魔力增福		寒冰增幅		魔力增福		寒冰增幅		魔力增福		寒冰增幅						儲物
光亮		電擊增幅				電擊增幅				電擊增幅
		火焰增幅				火焰增幅				火焰增幅
鞋子詞綴														法杖詞綴
加一		加二		加三		加四		加五		加六		加七		加一		加二		加三		加四		加五		加六		加七
DEX 增加		DEX 增加		DEX 增加		DEX 增加		DEX 增加		DEX 增加		空行		INT增加	大小變換	INT增加	金屬感知	INT增加	儲魔	INT增加	枯萎	INT增加	儲魔	INT增加		冰爆增幅	冰冷穿透
移動力		移動力		移動力		移動力		護身		水面行走		空間跳躍		RES增加	弓杖	RES增加	偵測敵人	RES增加	超魔法	RES增加	偵測敵人	RES增加	超魔法	RES增加		焰爆增幅	火焰穿透
躡行		躡行		躡行		烈士意志		空行						光亮		寒冰增幅		冰爆增幅	醫療強效	寒冰增幅		冰爆增幅	醫療強效	寒冰增幅		電爆增幅	閃電穿透
護身		爆擊球		護身		水面行走		空間跳躍						不動		閃電增幅		電爆增幅		閃電增幅		電爆增幅	冰冷穿透	火焰增幅		超魔法	酸蝕穿透
北地		狂怒球		空行				重力						儲魔		火焰增幅		焰爆增幅		火焰增幅		焰爆增幅	火焰穿透	閃電增幅		醫療強效	光耀穿透
		耐力球												加八		加十		加十八					閃電穿透	枯萎			暗蝕穿透
		水面行走												雷鳴閃電		超魔法		三願					酸蝕穿透	偵測敵人
														枯萎		王者							光耀穿透
魔導槍械詞綴																							暗蝕穿透
加一		加二		加三		加四		加五		加六		加七
慈悲	弓杖	冰爆	邪惡	慈悲	防禦精熟	電爆	燄爆	慈悲	冰冷穿透	冰爆	邪惡	流星
電擊		電爆	燄爆	電擊		鋒利	光能	電擊	火焰穿透	電爆	燄爆	冰冷穿透
凍寒		鋒利	爆擊球	凍寒		混沌	牽亡	凍寒	閃電穿透	鋒利	歌唱	火焰穿透
破敵		混沌	狂怒球	破敵		雷鳴	舞空	破敵	酸蝕穿透	混沌	游擊	閃電穿透
炙焰		雷鳴	耐力球	炙焰		神聖	歌唱	炙焰	光耀穿透	雷鳴		酸蝕穿透
及遠		神聖	幽冥	及遠		守序	游擊	及遠	暗蝕穿透	神聖		光耀穿透
囤法		守序	歌唱	追蹤		瓦解		囤法		守序		暗蝕穿透
大小變換		瓦解	游擊	囤法		邪惡				瓦解
