名稱	分類	難度	前置	效果
不滅意志	感知	5	不屈意志	每等級你的抗噴吐、抗毒素、抗轉化、抗控制、強韌、靈魂、精神有＋10加值。
跨網施法	知識	5	施法環數達四環以上	技能等級×2為此專長所能增幅到的法術環數。\n在無魔網覆蓋的區域或是不利於施放法術的位面區域，一樣能正常進行法術施放且不承受位面環境減值。
法術自動瞬唱	知識	5	法術瞬唱	技能等級×2為此專長所能增幅到的法術環數。\n你每一回合時可多進行一次法術瞬唱。
血月的呼喊	交涉	5		用一個標準動作，在100英尺＋技能10英尺爆發，在範圍之內，交涉＋20，STR、DEX、SKI＋2，該血月維持時間為技能×3秒。
沼澤人儀式	交涉	2	綁定血脈:神魔裔	宿主儀式:\n儀式執行者須位於以宿主為中心的此技能等級*10英里的範圍內，能夠寄生自己身體的一小部分或是孢子到類人形生體內，此儀式需維持一小時的專注時間。\n宿主儀式開始前，須先取得宿主一部分生物組織作為儀式材料。\n宿主被植入孢子後，每日需進行一次抗轉化-此技能等級*10的檢定，若連續10日抗轉化檢定成功則該寄生組織會失去活性。\n若檢定失敗則，軀體會有此技能等級*0.5平方吋的範圍轉化為孢子咒痕。\n可以通過手術檢定剝除孢子咒痕，檢定難度為操作+相關醫術技能等級-此技能等級*20\n當孢子咒痕大於該宿主的眼睛大小時，可以進行外貌轉化儀式(或記憶奪取儀式)。\n(記憶奪取儀式:\n此儀式開始前，須先取得宿主一部分生物組織作為儀式材料，此儀式需維持一小時的專注時間，且儀式執行者須位於以宿主為中心的此技能等級*10英里的範圍內。\n儀式過程須將自身的單眼與孢子咒痕大小為宿主眼睛的區塊互換，且須與宿主的眼睛對視。\n宿主進行一次靈魂-此技能等級*15的檢定，若成功則宿主一部分生物組織會消失。\n若成功可以獲得宿主此技能等級小時數的記憶。)\n外貌轉化儀式:\n此儀式開始前，須先取得宿主一部分生物組織作為儀式材料，此儀式需維持一小時的專注時間，且儀式執行者須位於以宿主為中心的此技能等級*10英里的範圍內。\n此儀式過程中，孢子咒痕大小需大於宿主的眼睛大小。\n宿主進行一次強韌-此技能等級*15的檢定，若成功則宿主一部分生物組織會消失。\n若成功可以獲得宿主的外貌特徵。\n倘若宿主的一部分生物組織消失則宿主儀式、記憶奪取儀式、外貌轉化儀式會自動無效化。
星辰大樂章(序幕)-初啼	知識、\n感知或交涉	3	神語1級\n同時具備奧術、神術\n及自然/詩歌施法能力\n(且環數不低於2環)	在僅僅的剎那間，瞥見了不知道是遠古的遠古亦或是未來的未來，那是璀璨永恆的星空，彷彿畫布中間矗立的男人身上所穿的長袍，和諧且寧靜。直至初啼響聲劃破寧靜，奏響悠長連綿的大樂章，而那份大樂章彷彿是對第一音誕生的禮頌。\n每日使用次數等同技能等級，每輪消耗已持續回合數*5sp，效果持續至大樂章中止。\n當使用此專長時，你必須專注、集中精神每回合進行一次序幕演奏的判定。(序幕演奏=你選定此技能的種類+此技能等級*10+SPI調整值*5-所消耗SP總數)\n當序幕持續演奏時，以你自身為中心的施法者等級*半徑5尺的爆發範圍內，每輪所有造物回復(自身施法者等級總合/3+此技能等級)*D8HP與(自身施法者等級總合/3+此技能等級)*D6SP。\n當你要往第二幕演奏時，需進行一次升幕演奏檢定。(升幕演奏檢定=你選定此技能的種類+此技能等級*10+SPI調整值*5-序幕演奏的回合數*20)\n當序幕演奏或升幕演奏檢定失敗時需承受1D4 SPI傷害。(可經由長休息回復)
星辰大樂章(第二幕)-深空	知識、\n感知或交涉	3	星辰大樂章(序幕)-初啼\n神語1級\n同時具備奧術、神術\n及自然/詩歌施法能力\n(且環數不低於2環)	此技能使用須從星辰大樂章(序幕)-初啼的升幕檢定成功後，才能使用。\n每日使用次數等同技能等級，每輪消耗已持續回合數*5sp，效果持續至大樂章中止。\n當使用此專長時，你必須專注、集中精神每回合進行一次第二幕演奏的判定。(第二幕演奏=你選定此技能的種類+此技能等級*10+SPI調整值*5-所消耗SP總數)\n當第二幕持續演奏時，以你自身為中心的施法者等級*半徑30尺的爆發範圍內，範圍內所有的造物轉移至星空中。\n當轉移至星空的當下，你可以在此技能覆蓋的範圍內將造物的位置任意選擇，且在該範圍內原先對於非自身的魔法效果會完全清空。\n當你要往第二幕演奏時，需進行一次升幕演奏檢定。(升幕演奏檢定=你選定此技能的種類+此技能等級*10+SPI調整值*5-第二幕演奏的回合數*20)\n當第二幕演奏或升幕演奏檢定失敗時需承受1D6 SPI傷害。(可經由長休息回復)\n當你演奏第二幕的過程中，第一幕的效果會持續保留。
星辰大樂章(第三幕)-晶壁	知識、\n感知或交涉	4	星辰大樂章(第二幕)-深空\n神語2級\n同時具備奧術、神術\n及自然/詩歌施法能力\n(且環數不低於3環)	此技能使用須從星辰大樂章(第二幕)-深空的升幕檢定成功後，才能使用。\n每日使用次數等同技能等級，每輪消耗已持續回合數*10sp，效果持續至大樂章中止。\n當使用此專長時，你必須專注、集中精神每回合進行一次第三幕演奏的判定。(第三幕演奏=你選定此技能的種類+此技能等級*10+SPI調整值*5-所消耗SP總數)\n當序幕持續演奏時，以你自身為中心的施法者等級*半徑5尺的爆發範圍內，範圍內你選定的造物獲得此技能等級*15的對所有傷害抗性。\n此外，你在第三幕演奏時，每輪能將此技能等級+施法者等級/3的任意數量目標進行一次靈魂檢定，若失敗則放逐出星空此技能輪數。(靈魂檢定=靈魂-此技能等級*20-SPI調整值-總施法者等級*2)\n當你要往第四幕演奏時，需進行一次升幕演奏檢定。(升幕演奏檢定=你選定此技能的種類+此技能等級*10+SPI調整值*5-第三幕演奏的回合數*20)\n當第三幕演奏或升幕演奏檢定失敗時需承受1D8 SPI傷害。(可經由長休息回復)\n當你演奏第三幕的過程中，序幕、第一幕與第二幕的效果會持續保留。
星辰大樂章(第四幕)-繁星	知識、\n感知或交涉	4	星辰大樂章(第三幕)-晶壁\n神語2級\n同時具備奧術、神術\n及自然/詩歌施法能力\n(且環數不低於3環)	此技能使用須從星辰大樂章(第三幕)-晶壁的升幕檢定成功後，才能使用。\n當你要往第五幕演奏時，需進行一次升幕演奏檢定。(升幕演奏檢定=你選定此技能的種類+此技能等級*10+SPI調整值*5-第四幕演奏的回合數*20)\n當第四幕演奏的過程中，往後每2回合一次，以你自身為中心的施法者等級*半徑5尺的爆發範圍內，對非絕對中立對象造成總施法等級*d6力場傷害。\n當第四幕演奏或升幕演奏檢定失敗時需承受1D10 SPI傷害。(可經由長休息回復)\n當你演奏第三幕的過程中，序幕、第二幕級第三幕的效果會持續保留。
星辰大樂章(第五幕)-	知識、\n感知或交涉	5	星辰大樂章(第三幕)-繁星\n神語3級\n同時具備奧術、神術\n及自然/詩歌施法能力\n(且環數不低於4環)
星辰大樂章(變奏曲)	知識、\n感知或交涉	5	???	此技能使用須從星辰大樂章任一幕的升幕檢定成功後，才能使用。(升幕演奏檢定=你選定此技能的種類+此技能等級*10+SPI調整值*5-前一幕演奏的回合數*20)\n每日使用次數等同技能等級，每輪消耗已持續回合數*10sp，效果持續至大樂章中止。\n當變奏的過程中，你所有的法術的施法等級視為所有施法者等級總和，並在暫時性降低1點SPI可以讓一次你施法的法術達到傳奇。(可經由兩次長休息回復)\n當變奏演奏或升幕演奏檢定失敗時需承受1D10 SPI傷害。(可經由長休息回復)\n當你演奏變奏的過程中，所有前一幕的效果會持續保留。
Flower of Always Memory\n(魔曲)	交涉	3	神語1級\n詩歌施法能力\n(且環數不低於3環)	每日使用次數為此技能等級*2。\n以你為中心爆發(此技能等級*2+吟遊施法者等級)*10尺的範圍內持續生長出永誌花。\n在此效果生長出的永誌花的範圍內視為充滿正能量，且你與你的盟友每輪回復此技能等級*2d8HP+此技能等級*d6SP。\n此效果生長出的永誌花可被摧毀。
魔法物品壓制	操作	4	詞綴賦予4級\n詞綴消除4級\n魔法物品學4級\n施法能力不低於3環	每日使用次數為此技能等級。\n使用一自由動作並將自己的一件或多件魔法物品過載。\n創造以自己為中心爆發此(魔法物品的總加值+此技能等級*2)*10尺的封禁領域，並選擇最多此技能等級*2的封禁加值，並維持過載的魔法物品加值+此技能等級輪數。\n在該封禁領域內且維持輪數內，每輪所有人物需要進行一次抗魔法檢定，判定失敗封禁加值的魔法物品詞綴會被無效化。\n判定為抗魔法-魔法物品過載的總加值*3-此技能等級*20\n魔法物品過載的總加值須為封禁加值的3倍，且魔法物品經過載的瞬間直到長休息前皆視為無效。
魔法物品超頻	操作	4	魔法物品調頻3級\n魔法物品配戴學3級	每日使用次數為此技能等級。\n使用一自由動作並將自己的一件或多件魔法物品過載。\n在此技能等級*2輪內，你造成的所有傷害附加（超載魔法物品總計加值+此技能等級)*d4的力場傷害，該效果一輪僅能作用一次。\n過載魔法物品數量最多為此技能等級*2。
聖器鍊化	操作	5		每回合使用次數為技能等級，當有神術類別的法術在以你為中心爆發*20尺內範圍內生效時，你可以立即將該神術效果取消，並回覆該神術環術的sp。\n或是在以你為中心爆發*20尺指定一個目標，將該目標所有的神術類別法術取消，並回復被所有取消神術的環術的sp。\n此技能能取消技能等及等級*2以下的神術環數。\n---\n可以對神器、運轉中的傳奇法術或是運轉中的九環法術(至少10個)使用，進行一次操作+此技能等級*10的判定，如果通過則獲得一個神聖灰燼，如果失敗，則承受1d10+10天的九圍數值-1。\n若對象是神器，則是進行一次額外的D100檢定，若結果為非疊骰，則2d10+20天內九圍數值-1，若疊骰須通知dm進行其他處理。
汙穢關照	感知	2	福音傳染1級	每日使用次數為此技能等級*2。\n你可以對最多此技能等級*5數量的福音傳染的感染者觀察其這些生物的方向和距離，以及他們當前的狀態：未受傷，受傷，癱瘓，恍惚，昏迷，瀕死，反胃，恐慌，震懾，中毒，染病，困惑等等。\n只要與你位於同一位面此效果不會失效，且被觀察的感染者需進行一次感知檢定，若失敗則不會知道此技能的運作。\n感知檢定為感知-此技能等級*15-施法者等級*3。
大師之觸（Masterpiece）	操作	6		大師之觸擁有多種不同的效果，以下效果為所有子項共通效果。\n你可以對 +18（含）以上 的魔法物品施加此技能。完成後，該魔法物品將成為最終形態，無法再被修改（包含詞綴、加值、素材、符紋等），且無法透過裂解術摧毀(除非檢定出1)。最後，你可以為這件作品命名，使其成為世上獨一無二的存在。
大師之觸- 金繼				你在完美中看見了不完美，也在不完美中看見了完美。\n透過金繼工藝，你將一件魔法物品擊碎後重新修補，使其獲得新生。\n\n此子項覆蓋大師之觸的共通限制，你可以對任何魔法物品施加此效果。\n使用金繼工藝時，你必須犧牲魔法物品上的詞墜，並將其轉化為其他詞墜的提升：\n你可以將任意詞墜降低一階，最多能降低技能等級*1次(最低至0，該詞墜消除)，並選擇其他詞墜提升一階，共能提升技能等級*2次（升階詞墜可以超出原本詞墜表有的範圍），以上操作必須同時完成，升階之後詞墜加值總和可以超過魔法物品加值，但不影響魔法物品加值。\n此外，歷經破碎與重生的魔法物品，不會因超載、過載或魔法失效而停止運作，其所有效果皆視為正常生效。\n\n舉例來說：對以下魔法物品施加金繼工藝\n＋18 法袍 : 堅韌＋6、法抗+10、CON+1、STR+1\n可以得到\n＋18 法袍 : 堅韌＋10、法抗+10、CON+1 (移除 STR 1階、加強堅韌 2 階)
